{"0dfd9873-c257-411e-9938-629632ef79ff":{"entityId":"0dfd9873-c257-411e-9938-629632ef79ff","playerId":"22d9d8cc-2e06-3d8c-bb63-7c51b6e11111","currentMessage":"Sorry, my parrot ate the response. Teach it better at http://discord.creaturechat.com","currentLineNumber":3,"status":"DISPLAY","previousMessages":[],"characterSheet":"","sender":"ASSISTANT","friendship":0,"auto_generated":0},"13521c06-ee38-468e-9bab-515e351a2ef8":{"entityId":"13521c06-ee38-468e-9bab-515e351a2ef8","playerId":"22d9d8cc-2e06-3d8c-bb63-7c51b6e11111","currentMessage":"I must\u0027ve left my responses in my other pants. See http://discord.creaturechat.com","currentLineNumber":0,"status":"DISPLAY","previousMessages":[],"characterSheet":"","sender":"ASSISTANT","friendship":0,"auto_generated":0}}