{"stats":{"minecraft:dropped":{"pamhc2crops:mustardseedsitem":1,"minecraft:white_bed":1,"pamhc2crops:barleyitem":1,"minecraft:flint":2,"tombstone:grave_key":2,"pamhc2crops:flaxitem":1,"projectvibrantjourneys:pinecones":1},"minecraft:custom":{"minecraft:mob_kills":1,"minecraft:open_barrel":1,"minecraft:leave_game":4,"minecraft:time_since_death":51841,"minecraft:sleep_in_bed":6,"minecraft:climb_one_cm":1148,"minecraft:time_since_rest":5449,"minecraft:sprint_one_cm":74066,"minecraft:damage_taken":773,"minecraft:walk_one_cm":244243,"minecraft:trigger_trapped_chest":1,"minecraft:drop":9,"minecraft:damage_dealt":357,"minecraft:swim_one_cm":790,"minecraft:fly_one_cm":85987,"minecraft:open_chest":3,"minecraft:crouch_one_cm":28869,"minecraft:play_time":60774,"tombstone:undead_killed":1,"minecraft:deaths":1,"minecraft:sneak_time":15802,"minecraft:walk_under_water_one_cm":423,"minecraft:jump":423,"minecraft:walk_on_water_one_cm":1809,"minecraft:total_world_time":60774,"minecraft:fall_one_cm":4549},"minecraft:killed":{"iceandfire:ghost":1},"minecraft:crafted":{"farmersdelight:flint_knife":1,"minecraft:cobblestone":9,"minecraft:stick":13,"notreepunching:flint_axe":1,"notreepunching:plant_string":2},"minecraft:picked_up":{"minecraft:wheat":3,"pamhc2crops:barleyitem":1,"minecraft:potato":5,"minecraft:flint":4,"tombstone:grave_key":1,"iceandfire:ectoplasm":1,"pamhc2crops:parsnipitem":1,"minecraft:yellow_bed":7,"pamhc2crops:flaxitem":1,"projectvibrantjourneys:rocks":16,"projectvibrantjourneys:mossy_rocks":3,"minecraft:wheat_seeds":2,"dynamictrees:birch_seed":1,"farmersdelight:straw":3,"notreepunching:plant_fiber":6,"pamhc2crops:onionitem":3,"notreepunching:flint_shard":2,"pamhc2crops:garlicitem":1,"minecraft:stick":3,"pamhc2crops:mustardseedsitem":1,"minecraft:gravel":36,"projectvibrantjourneys:bones":2,"vinery:white_grape":8,"revampedpiles:butcher_apron":1,"pamhc2crops:whitemushroomitem":1,"minecraft:white_bed":1,"pamhc2crops:sweetpotatoitem":1,"pamhc2crops:chilipepperitem":1,"pamhc2crops:strawberryitem":1,"pamhc2crops:peanutitem":1,"notreepunching:stone_loose_rock":21,"biomesoplenty:pink_daffodil":1,"projectvibrantjourneys:twigs":13,"minecraft:rail":1,"projectvibrantjourneys:pinecones":1},"minecraft:used":{"vinery:white_grape":8,"pamhc2crops:sweetpotatoitem":1,"minecraft:iron_chestplate":1,"pamhc2crops:parsnipitem":1,"farmersdelight:onion":1,"minecraft:rail":1,"farmersdelight:flint_knife":36,"pamhc2crops:garlicitem":1,"pamhc2crops:strawberryitem":1,"pamhc2crops:chilipepperitem":1,"pamhc2crops:whitemushroomitem":2,"notreepunching:flint_axe":2,"minecraft:apple":8,"biomesoplenty:pink_daffodil":1,"minecraft:iron_helmet":1,"pamhc2crops:onionitem":3,"pamhc2crops:peanutitem":1,"minecraft:iron_boots":1,"minecraft:gravel":34,"minecraft:cobblestone":1,"tombstone:gift":2,"minecraft:yellow_bed":7,"revampedpiles:butcher_apron":1,"minecraft:iron_leggings":1},"minecraft:mined":{"projectvibrantjourneys:cattail":1,"minecraft:white_bed":1,"pamhc2crops:windygarden":9,"projectvibrantjourneys:rocks":2,"projectvibrantjourneys:twigs":4,"pamhc2crops:shadedgarden":3,"minecraft:yellow_bed":7,"revampedpiles:butcher_apron":1,"minecraft:grass":29,"projectvibrantjourneys:short_grass":19,"minecraft:gravel":39}},"DataVersion":3465}