{"stats":{"minecraft:custom":{"minecraft:time_since_rest":7043,"minecraft:crouch_one_cm":2873,"minecraft:play_time":17231,"minecraft:sprint_one_cm":17176,"minecraft:damage_taken":220,"minecraft:deaths":1,"minecraft:walk_one_cm":74936,"minecraft:sneak_time":3466,"minecraft:walk_under_water_one_cm":423,"minecraft:drop":2,"minecraft:jump":115,"minecraft:damage_dealt":10,"minecraft:leave_game":1,"minecraft:time_since_death":8298,"minecraft:walk_on_water_one_cm":1363,"minecraft:climb_one_cm":1072,"minecraft:total_world_time":17231,"minecraft:swim_one_cm":790,"minecraft:fall_one_cm":836,"minecraft:fly_one_cm":17923},"minecraft:picked_up":{"minecraft:stick":2,"minecraft:wheat_seeds":1,"pamhc2crops:strawberryitem":1,"revampedpiles:butcher_apron":1,"tombstone:grave_key":1,"projectvibrantjourneys:twigs":1,"biomesoplenty:pink_daffodil":1,"projectvibrantjourneys:rocks":1},"minecraft:dropped":{"tombstone:grave_key":2},"minecraft:mined":{"revampedpiles:butcher_apron":1,"minecraft:grass":2,"projectvibrantjourneys:twigs":3,"minecraft:white_bed":1,"projectvibrantjourneys:rocks":2},"minecraft:used":{"minecraft:iron_chestplate":1,"biomesoplenty:pink_daffodil":1,"pamhc2crops:strawberryitem":1,"tombstone:gift":2,"minecraft:iron_helmet":1,"revampedpiles:butcher_apron":1,"minecraft:iron_boots":1,"minecraft:iron_leggings":1}},"DataVersion":3465}