{"stats":{"minecraft:killed":{"iceandfire:ghost":1},"minecraft:custom":{"minecraft:time_since_rest":6300,"minecraft:sprint_one_cm":34701,"minecraft:damage_taken":407,"minecraft:walk_one_cm":138306,"minecraft:mob_kills":1,"minecraft:drop":2,"minecraft:damage_dealt":307,"minecraft:swim_one_cm":790,"minecraft:fly_one_cm":37706,"minecraft:open_barrel":1,"minecraft:open_chest":1,"minecraft:crouch_one_cm":3241,"minecraft:play_time":29437,"tombstone:undead_killed":1,"minecraft:deaths":1,"minecraft:sneak_time":3591,"minecraft:walk_under_water_one_cm":423,"minecraft:jump":218,"minecraft:leave_game":2,"minecraft:walk_on_water_one_cm":1434,"minecraft:time_since_death":20504,"minecraft:sleep_in_bed":2,"minecraft:total_world_time":29437,"minecraft:climb_one_cm":1072,"minecraft:fall_one_cm":1939},"minecraft:picked_up":{"minecraft:stick":3,"minecraft:wheat":3,"minecraft:potato":5,"projectvibrantjourneys:bones":1,"revampedpiles:butcher_apron":1,"tombstone:grave_key":1,"iceandfire:ectoplasm":1,"minecraft:yellow_bed":1,"projectvibrantjourneys:rocks":9,"projectvibrantjourneys:mossy_rocks":1,"minecraft:wheat_seeds":1,"pamhc2crops:strawberryitem":1,"notreepunching:stone_loose_rock":8,"biomesoplenty:pink_daffodil":1,"projectvibrantjourneys:twigs":6},"minecraft:crafted":{"minecraft:stick":5},"minecraft:dropped":{"tombstone:grave_key":2},"minecraft:mined":{"projectvibrantjourneys:cattail":1,"minecraft:white_bed":1,"projectvibrantjourneys:rocks":2,"minecraft:yellow_bed":1,"revampedpiles:butcher_apron":1,"minecraft:grass":6,"projectvibrantjourneys:twigs":4,"projectvibrantjourneys:short_grass":1},"minecraft:used":{"minecraft:apple":4,"biomesoplenty:pink_daffodil":1,"minecraft:iron_helmet":1,"minecraft:iron_boots":1,"minecraft:iron_chestplate":1,"tombstone:gift":2,"pamhc2crops:strawberryitem":1,"revampedpiles:butcher_apron":1,"minecraft:iron_leggings":1}},"DataVersion":3465}