{"stats":{"minecraft:dropped":{"tombstone:grave_key":2,"minecraft:flint":2},"minecraft:custom":{"minecraft:time_since_rest":8888,"minecraft:sprint_one_cm":63002,"minecraft:damage_taken":526,"minecraft:walk_one_cm":218369,"minecraft:mob_kills":1,"minecraft:drop":4,"minecraft:damage_dealt":357,"minecraft:swim_one_cm":790,"minecraft:fly_one_cm":73526,"minecraft:open_barrel":1,"minecraft:open_chest":3,"minecraft:crouch_one_cm":10723,"minecraft:play_time":49055,"tombstone:undead_killed":1,"minecraft:deaths":1,"minecraft:sneak_time":7290,"minecraft:walk_under_water_one_cm":423,"minecraft:jump":366,"minecraft:leave_game":4,"minecraft:time_since_death":40122,"minecraft:walk_on_water_one_cm":1809,"minecraft:sleep_in_bed":3,"minecraft:total_world_time":49055,"minecraft:climb_one_cm":1072,"minecraft:fall_one_cm":3460},"minecraft:killed":{"iceandfire:ghost":1},"minecraft:crafted":{"minecraft:cobblestone":9,"minecraft:stick":13,"farmersdelight:flint_knife":1},"minecraft:picked_up":{"pamhc2crops:onionitem":3,"pamhc2crops:garlicitem":1,"minecraft:stick":3,"minecraft:wheat":3,"pamhc2crops:barleyitem":1,"minecraft:potato":5,"minecraft:gravel":28,"projectvibrantjourneys:bones":2,"minecraft:flint":3,"vinery:white_grape":8,"revampedpiles:butcher_apron":1,"pamhc2crops:sweetpotatoitem":1,"tombstone:grave_key":1,"iceandfire:ectoplasm":1,"pamhc2crops:whitemushroomitem":1,"pamhc2crops:parsnipitem":1,"minecraft:yellow_bed":2,"pamhc2crops:flaxitem":1,"projectvibrantjourneys:rocks":16,"projectvibrantjourneys:mossy_rocks":3,"pamhc2crops:chilipepperitem":1,"minecraft:wheat_seeds":2,"pamhc2crops:strawberryitem":1,"pamhc2crops:peanutitem":1,"notreepunching:stone_loose_rock":21,"farmersdelight:straw":3,"notreepunching:plant_fiber":6,"biomesoplenty:pink_daffodil":1,"projectvibrantjourneys:twigs":13,"minecraft:rail":1,"projectvibrantjourneys:pinecones":1},"minecraft:used":{"minecraft:apple":8,"biomesoplenty:pink_daffodil":1,"minecraft:iron_helmet":1,"minecraft:iron_boots":1,"minecraft:gravel":25,"vinery:white_grape":2,"minecraft:iron_chestplate":1,"minecraft:rail":1,"farmersdelight:flint_knife":34,"minecraft:yellow_bed":2,"tombstone:gift":2,"pamhc2crops:strawberryitem":1,"revampedpiles:butcher_apron":1,"minecraft:iron_leggings":1},"minecraft:mined":{"projectvibrantjourneys:cattail":1,"minecraft:white_bed":1,"pamhc2crops:windygarden":8,"projectvibrantjourneys:rocks":2,"minecraft:yellow_bed":2,"revampedpiles:butcher_apron":1,"minecraft:grass":26,"projectvibrantjourneys:twigs":4,"projectvibrantjourneys:short_grass":17,"minecraft:gravel":30,"pamhc2crops:shadedgarden":3}},"DataVersion":3465}