{"stats":{"minecraft:dropped":{"pamhc2crops:mustardseedsitem":1,"dynamictrees:birch_seed":1,"vinery:white_grape_seeds":1,"butcher:cowcorpseitem":2,"minecraft:white_bed":1,"pamhc2crops:barleyitem":1,"minecraft:flint":2,"aether:iron_gloves":1,"tombstone:grave_key":2,"pamhc2crops:flaxitem":1,"projectvibrantjourneys:pinecones":1,"projectvibrantjourneys:cattail":1},"minecraft:custom":{"minecraft:mob_kills":1,"minecraft:open_barrel":1,"minecraft:leave_game":6,"minecraft:time_since_death":18802,"minecraft:sleep_in_bed":6,"minecraft:climb_one_cm":1148,"minecraft:time_since_rest":18014,"minecraft:sprint_one_cm":89735,"minecraft:damage_taken":773,"minecraft:walk_one_cm":303561,"minecraft:trigger_trapped_chest":1,"minecraft:drop":15,"minecraft:damage_dealt":535,"minecraft:swim_one_cm":790,"minecraft:fly_one_cm":155454,"minecraft:open_chest":4,"minecraft:crouch_one_cm":29935,"minecraft:play_time":88692,"minecraft:deaths":2,"tombstone:undead_killed":1,"minecraft:sneak_time":16482,"minecraft:walk_under_water_one_cm":423,"minecraft:jump":522,"minecraft:walk_on_water_one_cm":2105,"minecraft:total_world_time":88692,"minecraft:fall_one_cm":4549},"minecraft:killed":{"iceandfire:ghost":1},"minecraft:crafted":{"minecraft:spruce_planks":8,"farmersdelight:flint_knife":1,"minecraft:cobblestone":9,"minecraft:stick":13,"notreepunching:flint_axe":1,"notreepunching:plant_string":2},"minecraft:picked_up":{"minecraft:wheat":3,"projectvibrantjourneys:fallen_leaves":1,"pamhc2crops:barleyitem":1,"aether:iron_gloves":1,"minecraft:potato":5,"minecraft:flint":6,"darwiniv:stridernymphwing":1,"tombstone:grave_key":1,"iceandfire:ectoplasm":1,"pamhc2crops:parsnipitem":1,"minecraft:yellow_bed":8,"butcher:cowcorpseitem":2,"pamhc2crops:flaxitem":1,"projectvibrantjourneys:rocks":16,"projectvibrantjourneys:mossy_rocks":3,"dtterralith:black_poplar_seed":1,"minecraft:wheat_seeds":2,"dynamictrees:birch_seed":1,"farmersdelight:straw":3,"notreepunching:plant_fiber":6,"pamhc2crops:onionitem":3,"notreepunching:flint_shard":4,"pamhc2crops:garlicitem":1,"minecraft:stick":8,"pamhc2crops:mustardseedsitem":1,"minecraft:gravel":45,"projectvibrantjourneys:bones":2,"vinery:white_grape":8,"revampedpiles:butcher_apron":1,"pamhc2crops:whitemushroomitem":1,"minecraft:white_bed":1,"minecraft:spruce_log":4,"pamhc2crops:sweetpotatoitem":1,"pamhc2crops:chilipepperitem":1,"pamhc2crops:strawberryitem":1,"pamhc2crops:peanutitem":1,"revampedpiles:oak_roof":3,"notreepunching:stone_loose_rock":21,"projectvibrantjourneys:cattail":3,"biomesoplenty:pink_daffodil":1,"projectvibrantjourneys:twigs":13,"minecraft:rail":1,"projectvibrantjourneys:pinecones":1},"minecraft:used":{"butcher:villager_corpse_item":1,"ribbits:ribbit_fisherman_spawn_egg":1,"butcher:goat_corpse_skeleton_item":1,"ribbits:ribbit_nitwit_spawn_egg":1,"quark:wraith_spawn_egg":20,"quark:shiba_spawn_egg":14,"minecraft:chest":2,"monsterplus:mother_lava_squid_spawn_egg":7,"vinery:white_grape":8,"pamhc2crops:sweetpotatoitem":1,"minecraft:iron_chestplate":1,"animalistic_a:dragon_azul_spawn_egg":1,"pamhc2crops:parsnipitem":1,"farmersdelight:onion":1,"minecraft:rail":1,"farmersdelight:flint_knife":37,"aquaculture:arrau_turtle_spawn_egg":6,"darwiniv:prairieram_spawn_egg":1,"pamhc2crops:garlicitem":1,"pamhc2crops:strawberryitem":1,"monsterplus:darkstar":1,"animalistic_a:tigre_spawn_egg":1,"quark:stoneling_spawn_egg":11,"pamhc2crops:chilipepperitem":1,"animalistic_a:lechuza_spawn_egg":1,"pamhc2crops:whitemushroomitem":2,"notreepunching:flint_axe":3,"minecraft:apple":8,"biomesoplenty:pink_daffodil":1,"butcher:drained_pig_corpse_item":1,"darwiniv:stripewing_spawn_egg":4,"quark:pickarang":14,"darwiniv:sea_strider_nymph_spawn_egg":3,"minecraft:iron_helmet":1,"pamhc2crops:onionitem":3,"minecraft:iron_boots":1,"pamhc2crops:peanutitem":1,"minecraft:gravel":34,"animalium:bear_spawn_egg":1,"darwiniv:amoebound_spawn_egg":1,"darwiniv:purplefollower_spawn_egg":4,"minecraft:cobblestone":1,"ribbits:brown_toadstool":46,"tombstone:gift":2,"minecraft:yellow_bed":7,"revampedpiles:butcher_apron":1,"minecraft:iron_leggings":1},"minecraft:mined":{"projectvibrantjourneys:cattail":1,"minecraft:white_bed":1,"pamhc2crops:windygarden":9,"projectvibrantjourneys:rocks":2,"projectvibrantjourneys:twigs":4,"pamhc2crops:shadedgarden":3,"minecraft:yellow_bed":8,"revampedpiles:butcher_apron":1,"minecraft:grass":29,"projectvibrantjourneys:short_grass":19,"minecraft:gravel":51}},"DataVersion":3465}