{"stats":{"minecraft:dropped":{"tombstone:grave_key":2},"minecraft:custom":{"minecraft:time_since_rest":14635,"minecraft:sprint_one_cm":54991,"minecraft:damage_taken":407,"minecraft:walk_one_cm":162287,"minecraft:mob_kills":1,"minecraft:drop":2,"minecraft:damage_dealt":327,"minecraft:swim_one_cm":790,"minecraft:fly_one_cm":64513,"minecraft:open_barrel":1,"minecraft:open_chest":1,"minecraft:crouch_one_cm":10723,"minecraft:play_time":37772,"tombstone:undead_killed":1,"minecraft:deaths":1,"minecraft:sneak_time":7290,"minecraft:walk_under_water_one_cm":423,"minecraft:jump":312,"minecraft:leave_game":3,"minecraft:time_since_death":28839,"minecraft:walk_on_water_one_cm":1809,"minecraft:sleep_in_bed":2,"minecraft:total_world_time":37772,"minecraft:climb_one_cm":1072,"minecraft:fall_one_cm":3042},"minecraft:killed":{"iceandfire:ghost":1},"minecraft:crafted":{"minecraft:cobblestone":9,"minecraft:stick":13},"minecraft:picked_up":{"minecraft:stick":3,"minecraft:wheat":3,"minecraft:potato":5,"projectvibrantjourneys:bones":2,"revampedpiles:butcher_apron":1,"tombstone:grave_key":1,"iceandfire:ectoplasm":1,"minecraft:yellow_bed":1,"projectvibrantjourneys:rocks":16,"projectvibrantjourneys:mossy_rocks":3,"minecraft:wheat_seeds":1,"pamhc2crops:strawberryitem":1,"notreepunching:stone_loose_rock":20,"biomesoplenty:pink_daffodil":1,"projectvibrantjourneys:twigs":13},"minecraft:used":{"minecraft:apple":7,"biomesoplenty:pink_daffodil":1,"minecraft:iron_helmet":1,"minecraft:iron_boots":1,"minecraft:iron_chestplate":1,"tombstone:gift":2,"pamhc2crops:strawberryitem":1,"revampedpiles:butcher_apron":1,"minecraft:iron_leggings":1},"minecraft:mined":{"projectvibrantjourneys:cattail":1,"minecraft:white_bed":1,"projectvibrantjourneys:rocks":2,"minecraft:yellow_bed":1,"revampedpiles:butcher_apron":1,"minecraft:grass":6,"projectvibrantjourneys:twigs":4,"projectvibrantjourneys:short_grass":1}},"DataVersion":3465}