{"stats":{"minecraft:custom":{"minecraft:jump":7,"minecraft:time_since_rest":5231,"minecraft:damage_dealt":10,"minecraft:crouch_one_cm":1927,"minecraft:leave_game":1,"minecraft:play_time":5231,"minecraft:time_since_death":5231,"minecraft:walk_one_cm":10202,"minecraft:sneak_time":3309,"minecraft:total_world_time":5231,"minecraft:fly_one_cm":26},"minecraft:picked_up":{"revampedpiles:butcher_apron":1},"minecraft:mined":{"revampedpiles:butcher_apron":1},"minecraft:used":{"revampedpiles:butcher_apron":1}},"DataVersion":3465}