{"stats":{"minecraft:custom":{"minecraft:jump":426,"minecraft:open_chest":1,"minecraft:time_since_rest":121759,"minecraft:crouch_one_cm":68561,"minecraft:leave_game":6,"minecraft:sprint_one_cm":134999,"minecraft:play_time":121759,"minecraft:time_since_death":121759,"minecraft:walk_on_water_one_cm":1797,"minecraft:walk_one_cm":58619,"minecraft:sneak_time":60476,"minecraft:total_world_time":138994,"minecraft:fly_one_cm":710222},"minecraft:picked_up":{"projectvibrantjourneys:orange_bark_mushroom":1,"minecraft:wheat_seeds":1},"minecraft:used":{"minecraft:bucket":4,"minecraft:water_bucket":5,"minecraft:flint_and_steel":3,"minecraft:tnt":1}},"DataVersion":3465}