{"stats":{"minecraft:custom":{"minecraft:time_since_rest":143095,"minecraft:open_chest":1,"minecraft:crouch_one_cm":116112,"minecraft:play_time":143095,"minecraft:sprint_one_cm":221457,"minecraft:damage_taken":10,"minecraft:walk_one_cm":77276,"minecraft:sneak_time":74281,"minecraft:drop":1,"minecraft:jump":661,"minecraft:leave_game":8,"minecraft:walk_on_water_one_cm":1797,"minecraft:time_since_death":143095,"minecraft:total_world_time":160330,"minecraft:fall_one_cm":1045,"minecraft:fly_one_cm":778103},"minecraft:picked_up":{"minecraft:wheat_seeds":1,"revampedpiles:butcher_apron":1,"projectvibrantjourneys:orange_bark_mushroom":1},"minecraft:dropped":{"revampedpiles:butcher_apron":1},"minecraft:used":{"minecraft:water_bucket":5,"minecraft:flint_and_steel":3,"minecraft:tnt":1,"minecraft:grass_block":1,"minecraft:bucket":4}},"DataVersion":3465}