{"stats":{"minecraft:custom":{"minecraft:jump":394,"minecraft:open_chest":1,"minecraft:time_since_rest":112179,"minecraft:crouch_one_cm":68201,"minecraft:leave_game":5,"minecraft:sprint_one_cm":124981,"minecraft:play_time":112179,"minecraft:time_since_death":112179,"minecraft:walk_on_water_one_cm":1797,"minecraft:walk_one_cm":47560,"minecraft:sneak_time":60139,"minecraft:total_world_time":129414,"minecraft:fly_one_cm":661461},"minecraft:picked_up":{"projectvibrantjourneys:orange_bark_mushroom":1,"minecraft:wheat_seeds":1},"minecraft:used":{"minecraft:bucket":4,"minecraft:water_bucket":5,"minecraft:flint_and_steel":3,"minecraft:tnt":1}},"DataVersion":3465}