{"stats":{"minecraft:custom":{"minecraft:jump":467,"minecraft:open_chest":1,"minecraft:time_since_rest":129567,"minecraft:crouch_one_cm":79820,"minecraft:leave_game":7,"minecraft:sprint_one_cm":161246,"minecraft:play_time":129567,"minecraft:time_since_death":129567,"minecraft:walk_on_water_one_cm":1797,"minecraft:walk_one_cm":66162,"minecraft:sneak_time":65570,"minecraft:total_world_time":146802,"minecraft:fly_one_cm":722080},"minecraft:picked_up":{"projectvibrantjourneys:orange_bark_mushroom":1,"minecraft:wheat_seeds":1},"minecraft:used":{"minecraft:bucket":4,"minecraft:water_bucket":5,"minecraft:flint_and_steel":3,"minecraft:tnt":1}},"DataVersion":3465}