{"stats":{"minecraft:dropped":{"revampedpiles:butcher_apron":1,"minecraft:potato":10,"minecraft:wheat":6,"pamhc2crops:strawberryitem":2},"minecraft:custom":{"minecraft:time_since_rest":9605,"minecraft:sprint_one_cm":321577,"minecraft:damage_taken":254,"minecraft:walk_one_cm":211844,"minecraft:mob_kills":1,"minecraft:drop":7,"minecraft:damage_dealt":216,"minecraft:swim_one_cm":7167,"minecraft:fly_one_cm":894019,"minecraft:open_chest":3,"minecraft:crouch_one_cm":121883,"minecraft:play_time":182298,"minecraft:deaths":2,"minecraft:sneak_time":77743,"minecraft:walk_under_water_one_cm":1619,"minecraft:jump":1196,"minecraft:leave_game":12,"minecraft:time_since_death":11268,"minecraft:walk_on_water_one_cm":7879,"minecraft:sleep_in_bed":5,"minecraft:total_world_time":199533,"minecraft:fall_one_cm":8015},"minecraft:killed":{"minecraft:player":1,"minecraft:cow":1},"minecraft:crafted":{"minecraft:flint":12,"farmersdelight:flint_knife":1},"minecraft:picked_up":{"pamhc2crops:canolaitem":1,"pamhc2crops:wintersquashitem":1,"minecraft:stick":4,"minecraft:wheat":6,"vinery:red_grape":16,"pamhc2crops:cucumberitem":1,"minecraft:potato":10,"minecraft:gravel":27,"minecraft:flint":4,"revampedpiles:butcher_apron":1,"iceandfire:ectoplasm":1,"pamhc2crops:parsnipitem":1,"minecraft:white_bed":5,"minecraft:carrot":19,"revampedpiles:hay":1,"minecraft:wheat_seeds":9,"pamhc2crops:strawberryitem":2,"farmersdelight:straw":5,"dynamictrees:birch_seed":1,"minecraft:beef":2,"notreepunching:stone_loose_rock":12,"projectvibrantjourneys:cattail":3,"notreepunching:plant_fiber":6,"projectvibrantjourneys:orange_bark_mushroom":1,"spelunkers_charm:rock":3},"minecraft:used":{"minecraft:water_bucket":5,"revampedpiles:hay":1,"minecraft:flint_and_steel":3,"minecraft:grass_block":1,"minecraft:iron_helmet":1,"minecraft:gravel":2,"farmersdelight:flint_knife":23,"minecraft:tnt":1,"minecraft:carrot":10,"tombstone:gift":2,"minecraft:bucket":4,"minecraft:white_bed":4,"minecraft:iron_leggings":1,"notreepunching:stone_loose_rock":6},"minecraft:mined":{"projectvibrantjourneys:cattail":3,"spelunkers_charm:rock_pile_3":1,"minecraft:white_bed":4,"pamhc2crops:windygarden":5,"revampedpiles:hay":1,"minecraft:grass":27,"projectvibrantjourneys:twigs":3,"projectvibrantjourneys:short_grass":8,"notreepunching:stone_loose_rock":10,"minecraft:gravel":31,"revampedpiles:chestplate_wall_iron":1}},"DataVersion":3465}