{"stats":{"minecraft:custom":{"minecraft:jump":197,"minecraft:open_chest":1,"minecraft:time_since_rest":44920,"minecraft:crouch_one_cm":23409,"minecraft:leave_game":2,"minecraft:sprint_one_cm":44980,"minecraft:play_time":44920,"minecraft:time_since_death":44920,"minecraft:walk_on_water_one_cm":1797,"minecraft:walk_one_cm":16227,"minecraft:sneak_time":34114,"minecraft:total_world_time":62155,"minecraft:fly_one_cm":591451},"minecraft:picked_up":{"projectvibrantjourneys:orange_bark_mushroom":1,"minecraft:wheat_seeds":1},"minecraft:used":{"minecraft:bucket":4,"minecraft:water_bucket":5,"minecraft:flint_and_steel":1}},"DataVersion":3465}