{"stats":{"minecraft:dropped":{"revampedpiles:butcher_apron":1,"minecraft:wheat":6,"pamhc2crops:strawberryitem":2,"minecraft:potato":10},"minecraft:custom":{"minecraft:mob_kills":3,"minecraft:leave_game":12,"minecraft:time_since_death":14850,"minecraft:sleep_in_bed":6,"minecraft:climb_one_cm":672,"minecraft:time_since_rest":13948,"minecraft:walk_one_cm":270861,"minecraft:sprint_one_cm":376300,"minecraft:damage_taken":550,"minecraft:trigger_trapped_chest":1,"minecraft:drop":7,"minecraft:damage_dealt":739,"minecraft:swim_one_cm":7167,"minecraft:fly_one_cm":975504,"minecraft:open_chest":5,"minecraft:crouch_one_cm":121883,"minecraft:play_time":206298,"minecraft:deaths":3,"minecraft:sneak_time":77764,"minecraft:walk_under_water_one_cm":1619,"minecraft:jump":1463,"minecraft:walk_on_water_one_cm":10112,"minecraft:total_world_time":223533,"minecraft:fall_one_cm":12706},"minecraft:killed":{"animalium:piranha":1,"minecraft:ghast":1,"minecraft:player":1,"minecraft:cow":1},"minecraft:crafted":{"minecraft:spruce_planks":6,"farmersdelight:flint_knife":1,"minecraft:flint":12,"notreepunching:flint_axe":1,"notreepunching:plant_string":1},"minecraft:picked_up":{"minecraft:birch_log":5,"pamhc2crops:canolaitem":1,"pamhc2crops:wintersquashitem":1,"vinery:red_grape":16,"minecraft:wheat":6,"pamhc2crops:cucumberitem":1,"projectvibrantjourneys:fallen_leaves":1,"minecraft:potato":10,"minecraft:flint":4,"iceandfire:ectoplasm":2,"pamhc2crops:parsnipitem":1,"butcher:cowcorpseitem":1,"dtterralith:black_poplar_seed":1,"minecraft:wheat_seeds":9,"minecraft:beef":2,"dynamictrees:birch_seed":2,"farmersdelight:straw":6,"notreepunching:plant_fiber":6,"notreepunching:flint_shard":20,"minecraft:ghast_tear":1,"minecraft:stick":13,"minecraft:gravel":28,"revampedpiles:butcher_apron":1,"minecraft:white_bed":7,"minecraft:spruce_log":3,"minecraft:carrot":19,"revampedpiles:hay":1,"pamhc2crops:strawberryitem":2,"notreepunching:stone_loose_rock":14,"projectvibrantjourneys:cattail":4,"projectvibrantjourneys:orange_bark_mushroom":1,"spelunkers_charm:rock":5},"minecraft:used":{"minecraft:water_bucket":5,"minecraft:cow_spawn_egg":1,"minecraft:flint_and_steel":4,"butcher:butchers_knife":2,"farmersdelight:flint_knife":30,"minecraft:tnt":2,"minecraft:carrot":16,"minecraft:white_bed":6,"notreepunching:stone_loose_rock":9,"notreepunching:flint_axe":24,"revampedpiles:hay":1,"minecraft:ghast_spawn_egg":2,"minecraft:grass_block":1,"minecraft:iron_helmet":1,"minecraft:gravel":2,"minecraft:bucket":4,"aether:skyroot_planks":7,"tombstone:gift":2,"minecraft:iron_leggings":1},"minecraft:mined":{"projectvibrantjourneys:cattail":3,"minecraft:white_bed":6,"pamhc2crops:windygarden":5,"projectvibrantjourneys:twigs":3,"notreepunching:stone_loose_rock":12,"minecraft:sugar_cane":1,"spelunkers_charm:rock_pile_3":1,"revampedpiles:hay":1,"minecraft:grass":28,"projectvibrantjourneys:short_grass":13,"minecraft:vine":1,"minecraft:gravel":31,"projectvibrantjourneys:pinecones":1,"revampedpiles:chestplate_wall_iron":1}},"DataVersion":3465}