{"stats":{"minecraft:custom":{"minecraft:time_since_rest":153755,"minecraft:sprint_one_cm":322640,"minecraft:walk_one_cm":347844,"minecraft:mob_kills":9,"minecraft:drop":1,"minecraft:damage_dealt":1425,"minecraft:talked_to_villager":2,"minecraft:fly_one_cm":1576196,"minecraft:open_chest":8,"minecraft:crouch_one_cm":80249,"minecraft:play_time":376467,"tombstone:undead_killed":2,"minecraft:sneak_time":81433,"minecraft:walk_under_water_one_cm":373,"minecraft:aviate_one_cm":6275346,"tombstone:villager_killed":1,"minecraft:jump":1908,"minecraft:leave_game":33,"minecraft:time_since_death":376467,"minecraft:walk_on_water_one_cm":1842,"minecraft:sleep_in_bed":1,"minecraft:total_world_time":425698,"minecraft:horse_one_cm":460},"minecraft:picked_up":{"minecraft:feather":1,"minecraft:chicken":1,"butcher:pighead":1,"minecraft:leather":1,"butcher:raw_pork_shoulder":1,"minecraft:porkchop":1,"butcher:raw_pork_ham":1,"butcher:raw_pork_leg":1,"minecraft:gunpowder":2,"butcher:cowhoof":4,"minecraft:bone":2,"minecraft:arrow":1,"butcher:cow_skin":2,"minecraft:rotten_flesh":3,"minecraft:beef":1,"butcher:chicken_corpse_item":1,"butcher:raw_pork_belly":1,"butcher:skinned_cow_corpse_item":1,"butcher:raw_pork_loin":1,"minecraft:mutton":1,"minecraft:white_wool":1,"minecraft:egg":1},"minecraft:dropped":{"minecraft:grass_block":1},"minecraft:killed":{"minecraft:skeleton":1,"minecraft:zombie":1,"minecraft:chicken":1,"animalistic_a:huron":1,"minecraft:villager":1,"minecraft:creeper":2,"minecraft:cow":2},"minecraft:used":{"minecraft:oak_log":1,"minecraft:cow_spawn_egg":1,"minecraft:firework_rocket":431,"minecraft:villager_spawn_egg":1,"minecraft:flint_and_steel":5,"minecraft:grass_block":41,"butcher:butchers_knife":1,"minecraft:elytra":1,"minecraft:netherite_axe":7,"monsterplus:gnawing_jaw":2,"animalistic_a:huron_spawn_egg":1,"butcher:chicken_corpse_item":1,"butcher:bloodgrate":3,"butcher:cowcorpseitem":1,"minecraft:chain":4,"minecraft:white_bed":1,"minecraft:stripped_oak_log":8,"butcher:pig_corpse_item":1,"minecraft:obsidian":16}},"DataVersion":3465}