{"stats":{"minecraft:killed":{"minecraft:player":1,"minecraft:cow":1},"minecraft:custom":{"minecraft:time_since_rest":6853,"minecraft:sprint_one_cm":291145,"minecraft:damage_taken":217,"minecraft:walk_one_cm":189639,"minecraft:mob_kills":1,"minecraft:drop":7,"minecraft:damage_dealt":210,"minecraft:swim_one_cm":7167,"minecraft:fly_one_cm":863522,"minecraft:open_chest":1,"minecraft:crouch_one_cm":117009,"minecraft:play_time":167854,"minecraft:deaths":1,"minecraft:sneak_time":74740,"minecraft:walk_under_water_one_cm":1363,"minecraft:jump":1076,"minecraft:time_since_death":9472,"minecraft:leave_game":9,"minecraft:walk_on_water_one_cm":2903,"minecraft:sleep_in_bed":2,"minecraft:total_world_time":185089,"minecraft:fall_one_cm":6581},"minecraft:picked_up":{"pamhc2crops:canolaitem":1,"pamhc2crops:wintersquashitem":1,"minecraft:stick":3,"vinery:red_grape":16,"minecraft:wheat":6,"pamhc2crops:cucumberitem":1,"minecraft:potato":10,"revampedpiles:butcher_apron":1,"iceandfire:ectoplasm":1,"pamhc2crops:parsnipitem":1,"minecraft:white_bed":3,"minecraft:carrot":19,"revampedpiles:hay":1,"minecraft:wheat_seeds":9,"pamhc2crops:strawberryitem":2,"minecraft:beef":2,"notreepunching:stone_loose_rock":2,"projectvibrantjourneys:cattail":3,"projectvibrantjourneys:orange_bark_mushroom":1},"minecraft:dropped":{"revampedpiles:butcher_apron":1,"minecraft:potato":10,"minecraft:wheat":6,"pamhc2crops:strawberryitem":2},"minecraft:mined":{"projectvibrantjourneys:cattail":3,"minecraft:white_bed":2,"pamhc2crops:windygarden":5,"revampedpiles:hay":1,"minecraft:grass":13,"projectvibrantjourneys:twigs":2,"projectvibrantjourneys:short_grass":3,"notreepunching:stone_loose_rock":2,"revampedpiles:chestplate_wall_iron":1},"minecraft:used":{"minecraft:water_bucket":5,"revampedpiles:hay":1,"minecraft:flint_and_steel":3,"minecraft:grass_block":1,"minecraft:iron_helmet":1,"minecraft:tnt":1,"tombstone:gift":2,"minecraft:carrot":10,"minecraft:bucket":4,"minecraft:white_bed":2,"minecraft:iron_leggings":1}},"DataVersion":3465}