{"stats":{"minecraft:custom":{"minecraft:jump":275,"minecraft:open_chest":1,"minecraft:time_since_rest":88179,"minecraft:crouch_one_cm":25198,"minecraft:leave_game":5,"minecraft:sprint_one_cm":62092,"minecraft:play_time":88179,"minecraft:time_since_death":88179,"minecraft:walk_on_water_one_cm":1797,"minecraft:walk_one_cm":27196,"minecraft:sneak_time":44541,"minecraft:total_world_time":105414,"minecraft:fly_one_cm":633563},"minecraft:picked_up":{"projectvibrantjourneys:orange_bark_mushroom":1,"minecraft:wheat_seeds":1},"minecraft:used":{"minecraft:bucket":4,"minecraft:water_bucket":5,"minecraft:flint_and_steel":3,"minecraft:tnt":1}},"DataVersion":3465}