{"stats":{"minecraft:custom":{"minecraft:jump":192,"minecraft:open_chest":1,"minecraft:time_since_rest":40261,"minecraft:walk_on_water_one_cm":1797,"minecraft:crouch_one_cm":21140,"minecraft:leave_game":2,"minecraft:sprint_one_cm":42761,"minecraft:play_time":40261,"minecraft:time_since_death":40261,"minecraft:walk_one_cm":16227,"minecraft:sneak_time":29455,"minecraft:total_world_time":57496,"minecraft:fly_one_cm":591063},"minecraft:picked_up":{"projectvibrantjourneys:orange_bark_mushroom":1,"minecraft:wheat_seeds":1},"minecraft:used":{"minecraft:bucket":4,"minecraft:water_bucket":5,"minecraft:flint_and_steel":1}},"DataVersion":3465}