{"stats":{"minecraft:dropped":{"revampedpiles:butcher_apron":1,"minecraft:potato":10,"minecraft:wheat":6,"pamhc2crops:strawberryitem":2},"minecraft:custom":{"minecraft:time_since_rest":1948,"minecraft:sprint_one_cm":352985,"minecraft:damage_taken":550,"minecraft:walk_one_cm":245391,"minecraft:trigger_trapped_chest":1,"minecraft:mob_kills":2,"minecraft:drop":7,"minecraft:damage_dealt":578,"minecraft:swim_one_cm":7167,"minecraft:fly_one_cm":952211,"minecraft:open_chest":4,"minecraft:crouch_one_cm":121883,"minecraft:play_time":194298,"minecraft:deaths":3,"minecraft:sneak_time":77758,"minecraft:walk_under_water_one_cm":1619,"minecraft:jump":1393,"minecraft:leave_game":12,"minecraft:time_since_death":2850,"minecraft:walk_on_water_one_cm":9599,"minecraft:sleep_in_bed":6,"minecraft:climb_one_cm":672,"minecraft:total_world_time":211533,"minecraft:fall_one_cm":10825},"minecraft:killed":{"animalium:piranha":1,"minecraft:player":1,"minecraft:cow":1},"minecraft:crafted":{"minecraft:flint":12,"farmersdelight:flint_knife":1,"notreepunching:flint_axe":1,"notreepunching:plant_string":1},"minecraft:picked_up":{"pamhc2crops:canolaitem":1,"pamhc2crops:wintersquashitem":1,"minecraft:stick":4,"minecraft:wheat":6,"vinery:red_grape":16,"pamhc2crops:cucumberitem":1,"projectvibrantjourneys:fallen_leaves":1,"minecraft:potato":10,"minecraft:gravel":27,"minecraft:flint":4,"revampedpiles:butcher_apron":1,"iceandfire:ectoplasm":2,"pamhc2crops:parsnipitem":1,"minecraft:white_bed":7,"minecraft:carrot":19,"revampedpiles:hay":1,"minecraft:wheat_seeds":9,"pamhc2crops:strawberryitem":2,"farmersdelight:straw":6,"dynamictrees:birch_seed":1,"minecraft:beef":2,"notreepunching:stone_loose_rock":14,"projectvibrantjourneys:cattail":3,"notreepunching:plant_fiber":6,"projectvibrantjourneys:orange_bark_mushroom":1,"spelunkers_charm:rock":5,"notreepunching:flint_shard":20},"minecraft:used":{"minecraft:water_bucket":5,"revampedpiles:hay":1,"minecraft:flint_and_steel":3,"minecraft:grass_block":1,"minecraft:iron_helmet":1,"minecraft:gravel":2,"farmersdelight:flint_knife":26,"minecraft:tnt":1,"minecraft:carrot":16,"tombstone:gift":2,"minecraft:bucket":4,"minecraft:white_bed":6,"minecraft:iron_leggings":1,"notreepunching:flint_axe":23,"notreepunching:stone_loose_rock":9},"minecraft:mined":{"projectvibrantjourneys:cattail":3,"spelunkers_charm:rock_pile_3":1,"minecraft:white_bed":6,"pamhc2crops:windygarden":5,"revampedpiles:hay":1,"minecraft:grass":28,"projectvibrantjourneys:twigs":3,"projectvibrantjourneys:short_grass":13,"minecraft:vine":1,"notreepunching:stone_loose_rock":12,"projectvibrantjourneys:pinecones":1,"minecraft:gravel":31,"minecraft:sugar_cane":1,"revampedpiles:chestplate_wall_iron":1}},"DataVersion":3465}