{"stats":{"minecraft:custom":{"minecraft:jump":459,"minecraft:time_since_rest":40956,"minecraft:damage_dealt":170,"minecraft:crouch_one_cm":35526,"minecraft:leave_game":10,"minecraft:sprint_one_cm":79892,"minecraft:play_time":40956,"minecraft:time_since_death":40956,"minecraft:walk_on_water_one_cm":822,"minecraft:walk_one_cm":36694,"minecraft:sneak_time":23723,"minecraft:total_world_time":40956,"minecraft:climb_one_cm":36,"minecraft:walk_under_water_one_cm":2381,"minecraft:mob_kills":1,"minecraft:swim_one_cm":596,"minecraft:fall_one_cm":418,"minecraft:fly_one_cm":147022},"minecraft:killed":{"minecraft:goat":1},"minecraft:picked_up":{"minecraft:wheat_seeds":2},"minecraft:used":{"webdisplays:screen":58}},"DataVersion":3465}