{"stats":{"minecraft:killed":{"minecraft:player":1},"minecraft:custom":{"minecraft:time_since_rest":155095,"minecraft:sprint_one_cm":256519,"minecraft:damage_taken":10,"minecraft:walk_one_cm":138525,"minecraft:drop":3,"minecraft:damage_dealt":110,"minecraft:fly_one_cm":795111,"minecraft:open_chest":1,"minecraft:crouch_one_cm":116476,"minecraft:play_time":155095,"minecraft:sneak_time":74356,"minecraft:jump":795,"minecraft:time_since_death":155095,"minecraft:leave_game":8,"minecraft:walk_on_water_one_cm":1797,"minecraft:total_world_time":172330,"minecraft:fall_one_cm":2206},"minecraft:picked_up":{"pamhc2crops:wintersquashitem":1,"minecraft:stick":3,"revampedpiles:butcher_apron":1,"minecraft:white_bed":1,"minecraft:carrot":1,"revampedpiles:hay":1,"minecraft:wheat_seeds":2,"pamhc2crops:strawberryitem":2,"notreepunching:stone_loose_rock":2,"projectvibrantjourneys:cattail":3,"projectvibrantjourneys:orange_bark_mushroom":1},"minecraft:dropped":{"revampedpiles:butcher_apron":1,"pamhc2crops:strawberryitem":2},"minecraft:mined":{"projectvibrantjourneys:cattail":3,"pamhc2crops:windygarden":2,"revampedpiles:hay":1,"minecraft:grass":2,"projectvibrantjourneys:twigs":2,"projectvibrantjourneys:short_grass":1,"notreepunching:stone_loose_rock":2,"revampedpiles:chestplate_wall_iron":1},"minecraft:used":{"minecraft:water_bucket":5,"revampedpiles:hay":1,"minecraft:flint_and_steel":3,"minecraft:grass_block":1,"minecraft:iron_helmet":1,"minecraft:tnt":1,"minecraft:carrot":1,"minecraft:bucket":4,"minecraft:white_bed":1,"minecraft:iron_leggings":1}},"DataVersion":3465}