{
  "iceandfire:iceandfire/root": {
    "criteria": {
      "tick": "2024-07-15 17:32:24 +0000"
    },
    "done": true
  },
  "betternether:root": {
    "criteria": {
      "welcome": "2024-07-15 17:32:24 +0000"
    },
    "done": true
  },
  "betterend:root": {
    "criteria": {
      "welcome": "2024-07-15 17:32:24 +0000"
    },
    "done": true
  },
  "biomesoplenty:biomesoplenty/root": {
    "criteria": {
      "grassland": "2024-07-15 17:32:24 +0000"
    },
    "done": true
  },
  "betterdeserttemples:root": {
    "criteria": {
      "always": "2024-07-15 17:32:24 +0000"
    },
    "done": true
  },
  "vinery:main/root": {
    "criteria": {
      "seeds": "2024-07-15 17:32:24 +0000"
    },
    "done": true
  },
  "mowziesmobs:root": {
    "criteria": {
      "custom_test_name": "2024-07-15 17:32:24 +0000"
    },
    "done": true
  },
  "dungeons_arise:wda_root": {
    "criteria": {
      "WDA": "2024-07-15 17:32:24 +0000"
    },
    "done": true
  },
  "tombstone:adventure/root": {
    "criteria": {
      "auto": "2024-07-15 17:32:24 +0000"
    },
    "done": true
  },
  "regions_unexplored:parent": {
    "criteria": {
      "load_in_world": "2024-07-15 17:32:24 +0000"
    },
    "done": true
  },
  "biomesoplenty:biomesoplenty/all_biomes": {
    "criteria": {
      "woodland": "2024-07-15 18:17:11 +0000",
      "shrubland": "2024-07-15 17:36:25 +0000",
      "rocky_shrubland": "2024-07-15 18:16:29 +0000",
      "scrubland": "2024-07-15 18:16:20 +0000",
      "old_growth_woodland": "2024-07-15 18:16:26 +0000",
      "coniferous_forest": "2024-07-15 17:36:23 +0000",
      "dune_beach": "2024-07-15 18:16:00 +0000",
      "grassland": "2024-07-15 17:32:24 +0000",
      "rainforest": "2024-07-15 18:17:04 +0000"
    },
    "done": false
  },
  "cataclysm:root": {
    "criteria": {
      "custom_test_name": "2024-07-15 17:32:24 +0000"
    },
    "done": true
  },
  "farmersdelight:main/root": {
    "criteria": {
      "seeds": "2024-07-15 17:32:24 +0000"
    },
    "done": true
  },
  "minecraft:adventure/adventuring_time": {
    "criteria": {
      "minecraft:taiga": "2024-07-15 17:35:54 +0000",
      "minecraft:birch_forest": "2024-07-15 17:35:53 +0000",
      "minecraft:beach": "2024-07-15 18:19:16 +0000",
      "minecraft:river": "2024-07-15 17:33:00 +0000",
      "minecraft:cold_ocean": "2024-07-15 18:19:09 +0000",
      "minecraft:forest": "2024-07-15 17:50:02 +0000",
      "minecraft:ocean": "2024-07-15 18:16:04 +0000",
      "minecraft:old_growth_spruce_taiga": "2024-07-15 18:19:17 +0000"
    },
    "done": false
  },
  "mca:root": {
    "criteria": {
      "village_plains": "2024-07-15 17:33:24 +0000"
    },
    "done": true
  },
  "regions_unexplored:regions_explored": {
    "criteria": {
      "shrubland": "2024-07-15 18:16:09 +0000",
      "muddy_river": "2024-07-15 17:36:14 +0000",
      "maple_forest": "2024-07-15 17:36:17 +0000",
      "boreal_forest": "2024-07-15 17:36:12 +0000",
      "gravel_beach": "2024-07-15 17:36:19 +0000"
    },
    "done": false
  },
  "regions_unexplored:pioneer": {
    "criteria": {
      "shrubland": "2024-07-15 18:16:09 +0000",
      "muddy_river": "2024-07-15 17:36:14 +0000",
      "maple_forest": "2024-07-15 17:36:17 +0000",
      "boreal_forest": "2024-07-15 17:36:12 +0000",
      "gravel_beach": "2024-07-15 17:36:19 +0000"
    },
    "done": false
  },
  "notreepunching:clay_tool": {
    "criteria": {
      "has_the_recipe": "2024-07-15 17:42:45 +0000"
    },
    "done": true
  },
  "notreepunching:diorite_cobblestone_wall": {
    "criteria": {
      "has_the_recipe": "2024-07-15 17:42:45 +0000"
    },
    "done": true
  },
  "notreepunching:stonecutting/granite_cobblestone_stairs": {
    "criteria": {
      "has_the_recipe": "2024-07-15 17:42:45 +0000"
    },
    "done": true
  },
  "notreepunching:sticks_from_logs_with_saw": {
    "criteria": {
      "has_the_recipe": "2024-07-15 17:42:45 +0000"
    },
    "done": true
  },
  "notreepunching:granite_cobblestone_stairs": {
    "criteria": {
      "has_the_recipe": "2024-07-15 17:42:45 +0000"
    },
    "done": true
  },
  "notreepunching:stonecutting/diorite_cobblestone_stairs": {
    "criteria": {
      "has_the_recipe": "2024-07-15 17:42:45 +0000"
    },
    "done": true
  },
  "notreepunching:diamond_saw": {
    "criteria": {
      "has_the_recipe": "2024-07-15 17:42:45 +0000"
    },
    "done": true
  },
  "notreepunching:flint_pickaxe": {
    "criteria": {
      "has_the_recipe": "2024-07-15 17:42:45 +0000"
    },
    "done": true
  },
  "notreepunching:sandstone_from_rocks": {
    "criteria": {
      "has_the_recipe": "2024-07-15 17:42:45 +0000"
    },
    "done": true
  },
  "notreepunching:netherite_mattock": {
    "criteria": {
      "has_the_recipe": "2024-07-15 17:42:45 +0000"
    },
    "done": true
  },
  "notreepunching:granite_cobblestone_slab": {
    "criteria": {
      "has_the_recipe": "2024-07-15 17:42:45 +0000"
    },
    "done": true
  },
  "notreepunching:plant_fiber_from_small_flowers_with_knife": {
    "criteria": {
      "has_the_recipe": "2024-07-15 17:42:45 +0000"
    },
    "done": true
  },
  "notreepunching:andesite_cobblestone_wall": {
    "criteria": {
      "has_the_recipe": "2024-07-15 17:42:45 +0000"
    },
    "done": true
  },
  "notreepunching:diorite_cobblestone_stairs": {
    "criteria": {
      "has_the_recipe": "2024-07-15 17:42:45 +0000"
    },
    "done": true
  },
  "notreepunching:gold_mattock": {
    "criteria": {
      "has_the_recipe": "2024-07-15 17:42:45 +0000"
    },
    "done": true
  },
  "notreepunching:diorite_cobblestone_from_rocks": {
    "criteria": {
      "has_the_recipe": "2024-07-15 17:42:45 +0000"
    },
    "done": true
  },
  "notreepunching:leather_from_chestplate_with_knife": {
    "criteria": {
      "has_the_recipe": "2024-07-15 17:42:45 +0000"
    },
    "done": true
  },
  "notreepunching:andesite_cobblestone_from_rocks": {
    "criteria": {
      "has_the_recipe": "2024-07-15 17:42:45 +0000"
    },
    "done": true
  },
  "notreepunching:gold_saw": {
    "criteria": {
      "has_the_recipe": "2024-07-15 17:42:45 +0000"
    },
    "done": true
  },
  "notreepunching:leather_from_helmet_with_knife": {
    "criteria": {
      "has_the_recipe": "2024-07-15 17:42:45 +0000"
    },
    "done": true
  },
  "notreepunching:red_sandstone_from_rocks": {
    "criteria": {
      "has_the_recipe": "2024-07-15 17:42:45 +0000"
    },
    "done": true
  },
  "notreepunching:diorite_cobblestone_slab": {
    "criteria": {
      "has_the_recipe": "2024-07-15 17:42:45 +0000"
    },
    "done": true
  },
  "notreepunching:plant_string": {
    "criteria": {
      "has_the_recipe": "2024-07-15 17:42:45 +0000"
    },
    "done": true
  },
  "notreepunching:plant_fiber_from_tall_flowers_with_knife": {
    "criteria": {
      "has_the_recipe": "2024-07-15 17:42:45 +0000"
    },
    "done": true
  },
  "notreepunching:fire_starter": {
    "criteria": {
      "has_the_recipe": "2024-07-15 17:42:45 +0000"
    },
    "done": true
  },
  "notreepunching:plant_fiber_from_wheat_with_knife": {
    "criteria": {
      "has_the_recipe": "2024-07-15 17:42:45 +0000"
    },
    "done": true
  },
  "notreepunching:diamond_mattock": {
    "criteria": {
      "has_the_recipe": "2024-07-15 17:42:45 +0000"
    },
    "done": true
  },
  "notreepunching:sticks_from_planks_with_saw": {
    "criteria": {
      "has_the_recipe": "2024-07-15 17:42:45 +0000"
    },
    "done": true
  },
  "notreepunching:flint_knife": {
    "criteria": {
      "has_the_recipe": "2024-07-15 17:42:45 +0000"
    },
    "done": true
  },
  "notreepunching:clay_brick_from_balls": {
    "criteria": {
      "has_the_recipe": "2024-07-15 17:42:45 +0000"
    },
    "done": true
  },
  "notreepunching:granite_cobblestone_wall": {
    "criteria": {
      "has_the_recipe": "2024-07-15 17:42:45 +0000"
    },
    "done": true
  },
  "notreepunching:string_from_web_with_knife": {
    "criteria": {
      "has_the_recipe": "2024-07-15 17:42:45 +0000"
    },
    "done": true
  },
  "notreepunching:flint_hoe": {
    "criteria": {
      "has_the_recipe": "2024-07-15 17:42:45 +0000"
    },
    "done": true
  },
  "notreepunching:melon_slices_with_knife": {
    "criteria": {
      "has_the_recipe": "2024-07-15 17:42:45 +0000"
    },
    "done": true
  },
  "notreepunching:clay_brick_from_blocks": {
    "criteria": {
      "has_the_recipe": "2024-07-15 17:42:45 +0000"
    },
    "done": true
  },
  "notreepunching:macuahuitl": {
    "criteria": {
      "has_the_recipe": "2024-07-15 17:42:45 +0000"
    },
    "done": true
  },
  "notreepunching:gold_knife": {
    "criteria": {
      "has_the_recipe": "2024-07-15 17:42:45 +0000"
    },
    "done": true
  },
  "notreepunching:iron_mattock": {
    "criteria": {
      "has_the_recipe": "2024-07-15 17:42:45 +0000"
    },
    "done": true
  },
  "notreepunching:flint_shovel": {
    "criteria": {
      "has_the_recipe": "2024-07-15 17:42:45 +0000"
    },
    "done": true
  },
  "notreepunching:plant_fiber_from_sugarcane_with_knife": {
    "criteria": {
      "has_the_recipe": "2024-07-15 17:42:45 +0000"
    },
    "done": true
  },
  "notreepunching:flint_axe": {
    "criteria": {
      "has_the_recipe": "2024-07-15 17:42:45 +0000"
    },
    "done": true
  },
  "notreepunching:leather_from_leggings_with_knife": {
    "criteria": {
      "has_the_recipe": "2024-07-15 17:42:45 +0000"
    },
    "done": true
  },
  "notreepunching:diamond_knife": {
    "criteria": {
      "has_the_recipe": "2024-07-15 17:42:45 +0000"
    },
    "done": true
  },
  "notreepunching:netherite_knife": {
    "criteria": {
      "has_the_recipe": "2024-07-15 17:42:45 +0000"
    },
    "done": true
  },
  "travelersbackpack:standard_from_custom": {
    "criteria": {
      "has_the_recipe": "2024-07-15 17:42:45 +0000"
    },
    "done": true
  },
  "mca:recipes/building_blocks/headstones": {
    "criteria": {
      "has_the_cross_recipe": "2024-07-15 17:42:45 +0000"
    },
    "done": true
  },
  "notreepunching:netherite_saw": {
    "criteria": {
      "has_the_recipe": "2024-07-15 17:42:45 +0000"
    },
    "done": true
  },
  "notreepunching:cobblestone_from_rocks": {
    "criteria": {
      "has_the_recipe": "2024-07-15 17:42:45 +0000"
    },
    "done": true
  },
  "notreepunching:stonecutting/andesite_cobblestone_stairs": {
    "criteria": {
      "has_the_recipe": "2024-07-15 17:42:45 +0000"
    },
    "done": true
  },
  "notreepunching:iron_saw": {
    "criteria": {
      "has_the_recipe": "2024-07-15 17:42:45 +0000"
    },
    "done": true
  },
  "notreepunching:granite_cobblestone_from_rocks": {
    "criteria": {
      "has_the_recipe": "2024-07-15 17:42:45 +0000"
    },
    "done": true
  },
  "notreepunching:leather_from_boots_with_knife": {
    "criteria": {
      "has_the_recipe": "2024-07-15 17:42:45 +0000"
    },
    "done": true
  },
  "notreepunching:plant_fiber_from_saplings_with_knife": {
    "criteria": {
      "has_the_recipe": "2024-07-15 17:42:45 +0000"
    },
    "done": true
  },
  "notreepunching:andesite_cobblestone_stairs": {
    "criteria": {
      "has_the_recipe": "2024-07-15 17:42:45 +0000"
    },
    "done": true
  },
  "notreepunching:sticks_from_logs_with_flint_axe": {
    "criteria": {
      "has_the_recipe": "2024-07-15 17:42:45 +0000"
    },
    "done": true
  },
  "notreepunching:sticks_from_planks_with_flint_axe": {
    "criteria": {
      "has_the_recipe": "2024-07-15 17:42:45 +0000"
    },
    "done": true
  },
  "notreepunching:plant_fiber_from_leaves_with_knife": {
    "criteria": {
      "has_the_recipe": "2024-07-15 17:42:45 +0000"
    },
    "done": true
  },
  "notreepunching:flint_from_gravel": {
    "criteria": {
      "has_the_recipe": "2024-07-15 17:42:45 +0000"
    },
    "done": true
  },
  "notreepunching:andesite_cobblestone_slab": {
    "criteria": {
      "has_the_recipe": "2024-07-15 17:42:45 +0000"
    },
    "done": true
  },
  "notreepunching:string_from_wool_with_knife": {
    "criteria": {
      "has_the_recipe": "2024-07-15 17:42:45 +0000"
    },
    "done": true
  },
  "notreepunching:plant_fiber_from_vines_with_knife": {
    "criteria": {
      "has_the_recipe": "2024-07-15 17:42:45 +0000"
    },
    "done": true
  },
  "notreepunching:plant_fiber_from_cactus_with_knife": {
    "criteria": {
      "has_the_recipe": "2024-07-15 17:42:45 +0000"
    },
    "done": true
  },
  "notreepunching:iron_knife": {
    "criteria": {
      "has_the_recipe": "2024-07-15 17:42:45 +0000"
    },
    "done": true
  },
  "regions_unexplored:recipes/transportation/maple_boat": {
    "criteria": {
      "in_water": "2024-07-15 19:40:24 +0000"
    },
    "done": true
  },
  "aether:recipes/building_blocks/packed_ice_freezing": {
    "criteria": {
      "has_water_bucket": "2024-07-15 19:40:22 +0000"
    },
    "done": true
  },
  "aquaculture:recipes/aquaculture/heavy_hook": {
    "criteria": {
      "has_items": "2024-07-15 19:37:00 +0000"
    },
    "done": true
  },
  "biomesoplenty:recipes/transportation/willow_boat": {
    "criteria": {
      "in_water": "2024-07-15 19:40:24 +0000"
    },
    "done": true
  },
  "aether:recipes/transportation/skyroot_boat": {
    "criteria": {
      "in_water": "2024-07-15 19:40:24 +0000"
    },
    "done": true
  },
  "aquaculture:recipes/misc/neptunium_ingot_from_neptunium_block": {
    "criteria": {
      "has_items": "2024-07-15 19:37:00 +0000"
    },
    "done": true
  },
  "regions_unexplored:recipes/transportation/magnolia_boat": {
    "criteria": {
      "in_water": "2024-07-15 19:40:24 +0000"
    },
    "done": true
  },
  "minecraft:recipes/decorations/crafting_table": {
    "criteria": {
      "unlock_right_away": "2024-07-15 19:37:00 +0000"
    },
    "done": true
  },
  "minecraft:recipes/transportation/cherry_boat": {
    "criteria": {
      "in_water": "2024-07-15 19:40:24 +0000"
    },
    "done": true
  },
  "biomesoplenty:recipes/transportation/dead_boat": {
    "criteria": {
      "in_water": "2024-07-15 19:40:24 +0000"
    },
    "done": true
  },
  "biomesoplenty:recipes/transportation/magic_boat": {
    "criteria": {
      "in_water": "2024-07-15 19:40:24 +0000"
    },
    "done": true
  },
  "minecraft:recipes/transportation/acacia_boat": {
    "criteria": {
      "in_water": "2024-07-15 19:40:24 +0000"
    },
    "done": true
  },
  "aquaculture:recipes/decorations/acacia_fish_mount": {
    "criteria": {
      "has_items": "2024-07-15 19:37:00 +0000"
    },
    "done": true
  },
  "aquaculture:recipes/aquaculture/light_hook": {
    "criteria": {
      "has_items": "2024-07-15 19:37:00 +0000"
    },
    "done": true
  },
  "minecraft:recipes/transportation/jungle_boat": {
    "criteria": {
      "in_water": "2024-07-15 19:40:24 +0000"
    },
    "done": true
  },
  "twilightforest:recipes/transportation/mining_boat": {
    "criteria": {
      "in_water": "2024-07-15 19:40:24 +0000"
    },
    "done": true
  },
  "aquaculture:recipes/tools/iron_fishing_rod": {
    "criteria": {
      "has_vanilla_rod": "2024-07-15 19:37:00 +0000"
    },
    "done": true
  },
  "regions_unexplored:recipes/transportation/pine_boat": {
    "criteria": {
      "in_water": "2024-07-15 19:40:24 +0000"
    },
    "done": true
  },
  "betterend:recipes/misc/shadow_berry_jelly": {
    "criteria": {
      "has_tag_c_water_bottles": "2024-07-15 19:40:22 +0000"
    },
    "done": true
  },
  "aether:recipes/building_blocks/blue_ice_freezing": {
    "criteria": {
      "has_water_bucket": "2024-07-15 19:40:22 +0000"
    },
    "done": true
  },
  "aquaculture:recipes/decorations/oak_fish_mount": {
    "criteria": {
      "has_items": "2024-07-15 19:37:00 +0000"
    },
    "done": true
  },
  "twilightforest:recipes/transportation/mangrove_boat": {
    "criteria": {
      "in_water": "2024-07-15 19:40:24 +0000"
    },
    "done": true
  },
  "biomesoplenty:recipes/transportation/fir_boat": {
    "criteria": {
      "in_water": "2024-07-15 19:40:24 +0000"
    },
    "done": true
  },
  "regions_unexplored:recipes/transportation/socotra_boat": {
    "criteria": {
      "in_water": "2024-07-15 19:40:24 +0000"
    },
    "done": true
  },
  "aether:recipes/building_blocks/ice_from_bucket_freezing": {
    "criteria": {
      "has_water_bucket": "2024-07-15 19:40:22 +0000"
    },
    "done": true
  },
  "aquaculture:recipes/aquaculture/double_hook": {
    "criteria": {
      "has_items": "2024-07-15 19:37:00 +0000"
    },
    "done": true
  },
  "minecraft:recipes/transportation/spruce_boat": {
    "criteria": {
      "in_water": "2024-07-15 19:40:24 +0000"
    },
    "done": true
  },
  "regions_unexplored:recipes/transportation/dead_boat": {
    "criteria": {
      "in_water": "2024-07-15 19:40:24 +0000"
    },
    "done": true
  },
  "aquaculture:recipes/aquaculture/fishing_line": {
    "criteria": {
      "has_items": "2024-07-15 19:37:00 +0000"
    },
    "done": true
  },
  "biomesoplenty:recipes/transportation/redwood_boat": {
    "criteria": {
      "in_water": "2024-07-15 19:40:24 +0000"
    },
    "done": true
  },
  "burnt:pyromaniac": {
    "criteria": {
      "pyromaniac_0": "2024-07-15 19:39:44 +0000"
    },
    "done": true
  },
  "aquaculture:recipes/aquaculture/iron_hook": {
    "criteria": {
      "has_items": "2024-07-15 19:37:00 +0000"
    },
    "done": true
  },
  "minecraft:recipes/transportation/mangrove_boat": {
    "criteria": {
      "in_water": "2024-07-15 19:40:24 +0000"
    },
    "done": true
  },
  "aquaculture:recipes/misc/jellyfish_to_slimeball": {
    "criteria": {
      "has_items": "2024-07-15 19:37:00 +0000"
    },
    "done": true
  },
  "biomesoplenty:recipes/transportation/hellbark_boat": {
    "criteria": {
      "in_water": "2024-07-15 19:40:24 +0000"
    },
    "done": true
  },
  "biomesoplenty:recipes/transportation/jacaranda_boat": {
    "criteria": {
      "in_water": "2024-07-15 19:40:24 +0000"
    },
    "done": true
  },
  "twilightforest:recipes/transportation/canopy_boat": {
    "criteria": {
      "in_water": "2024-07-15 19:40:24 +0000"
    },
    "done": true
  },
  "aquaculture:recipes/tools/diamond_fishing_rod": {
    "criteria": {
      "has_vanilla_rod": "2024-07-15 19:37:00 +0000"
    },
    "done": true
  },
  "betterend:recipes/misc/blossom_berry_jelly": {
    "criteria": {
      "has_tag_c_water_bottles": "2024-07-15 19:40:22 +0000"
    },
    "done": true
  },
  "biomesoplenty:recipes/transportation/palm_boat": {
    "criteria": {
      "in_water": "2024-07-15 19:40:24 +0000"
    },
    "done": true
  },
  "regions_unexplored:recipes/transportation/baobab_boat": {
    "criteria": {
      "in_water": "2024-07-15 19:40:24 +0000"
    },
    "done": true
  },
  "twilightforest:recipes/transportation/sorting_boat": {
    "criteria": {
      "in_water": "2024-07-15 19:40:24 +0000"
    },
    "done": true
  },
  "aquaculture:recipes/misc/tin_can_to_iron_nugget": {
    "criteria": {
      "has_items": "2024-07-15 19:37:00 +0000"
    },
    "done": true
  },
  "regions_unexplored:recipes/transportation/joshua_boat": {
    "criteria": {
      "in_water": "2024-07-15 19:40:24 +0000"
    },
    "done": true
  },
  "minecraft:recipes/transportation/dark_oak_boat": {
    "criteria": {
      "in_water": "2024-07-15 19:40:24 +0000"
    },
    "done": true
  },
  "aquaculture:recipes/decorations/birch_fish_mount": {
    "criteria": {
      "has_items": "2024-07-15 19:37:00 +0000"
    },
    "done": true
  },
  "aquaculture:recipes/misc/iron_nugget_from_smelting": {
    "criteria": {
      "has_fishing_rod": "2024-07-15 19:37:00 +0000",
      "has_fillet_knife": "2024-07-15 19:37:00 +0000"
    },
    "done": true
  },
  "aquaculture:recipes/tools/golden_fishing_rod": {
    "criteria": {
      "has_vanilla_rod": "2024-07-15 19:37:00 +0000"
    },
    "done": true
  },
  "aquaculture:recipes/misc/gold_nugget_from_smelting": {
    "criteria": {
      "has_fishing_rod": "2024-07-15 19:37:00 +0000",
      "has_fillet_knife": "2024-07-15 19:37:00 +0000"
    },
    "done": true
  },
  "biomesoplenty:recipes/transportation/umbran_boat": {
    "criteria": {
      "in_water": "2024-07-15 19:40:24 +0000"
    },
    "done": true
  },
  "minecraft:recipes/transportation/bamboo_raft": {
    "criteria": {
      "in_water": "2024-07-15 19:40:24 +0000"
    },
    "done": true
  },
  "aquaculture:recipes/misc/bonemeal_from_fish_bones": {
    "criteria": {
      "has_items": "2024-07-15 19:37:00 +0000"
    },
    "done": true
  },
  "betternether:recipes/building_blocks/whispering_gourd_lantern": {
    "criteria": {
      "has_torch": "2024-07-15 19:44:44 +0000"
    },
    "done": true
  },
  "regions_unexplored:recipes/transportation/kapok_boat": {
    "criteria": {
      "in_water": "2024-07-15 19:40:24 +0000"
    },
    "done": true
  },
  "regions_unexplored:recipes/transportation/cypress_boat": {
    "criteria": {
      "in_water": "2024-07-15 19:40:24 +0000"
    },
    "done": true
  },
  "aquaculture:recipes/misc/brown_mushroom_from_fish": {
    "criteria": {
      "has_items": "2024-07-15 19:37:00 +0000"
    },
    "done": true
  },
  "regions_unexplored:recipes/transportation/larch_boat": {
    "criteria": {
      "in_water": "2024-07-15 19:40:24 +0000"
    },
    "done": true
  },
  "aquaculture:recipes/misc/neptinium_ingot_from_blasting": {
    "criteria": {
      "has_leggings": "2024-07-15 19:37:00 +0000",
      "has_axe": "2024-07-15 19:37:00 +0000",
      "has_helmet": "2024-07-15 19:37:00 +0000",
      "has_fishing_rod": "2024-07-15 19:37:00 +0000",
      "has_bow": "2024-07-15 19:37:00 +0000",
      "has_chestplate": "2024-07-15 19:37:00 +0000",
      "has_sword": "2024-07-15 19:37:00 +0000",
      "has_fillet_knife": "2024-07-15 19:37:00 +0000",
      "has_shovel": "2024-07-15 19:37:00 +0000",
      "has_hoe": "2024-07-15 19:37:00 +0000",
      "has_boots": "2024-07-15 19:37:00 +0000",
      "has_pickaxe": "2024-07-15 19:37:00 +0000"
    },
    "done": true
  },
  "aquaculture:recipes/decorations/dark_oak_fish_mount": {
    "criteria": {
      "has_items": "2024-07-15 19:37:00 +0000"
    },
    "done": true
  },
  "minecraft:recipes/brewing/cauldron": {
    "criteria": {
      "has_water_bucket": "2024-07-15 19:40:22 +0000"
    },
    "done": true
  },
  "aether:recipes/combat/diamond_sword_repairing": {
    "criteria": {
      "has_diamond_sword": "2024-07-15 19:39:54 +0000"
    },
    "done": true
  },
  "aquaculture:recipes/aquaculture/diamond_hook": {
    "criteria": {
      "has_items": "2024-07-15 19:37:00 +0000"
    },
    "done": true
  },
  "aquaculture:recipes/food/sushi": {
    "criteria": {
      "has_alt_items": "2024-07-15 19:37:00 +0000",
      "has_items": "2024-07-15 19:37:00 +0000"
    },
    "done": true
  },
  "aquaculture:recipes/misc/red_mushroom_from_fish": {
    "criteria": {
      "has_items": "2024-07-15 19:37:00 +0000"
    },
    "done": true
  },
  "aquaculture:recipes/building_blocks/planks_from_driftwood": {
    "criteria": {
      "has_items": "2024-07-15 19:37:00 +0000"
    },
    "done": true
  },
  "regions_unexplored:recipes/transportation/blackwood_boat": {
    "criteria": {
      "in_water": "2024-07-15 19:40:24 +0000"
    },
    "done": true
  },
  "twilightforest:recipes/transportation/twilight_oak_boat": {
    "criteria": {
      "in_water": "2024-07-15 19:40:24 +0000"
    },
    "done": true
  },
  "twilightforest:recipes/transportation/time_boat": {
    "criteria": {
      "in_water": "2024-07-15 19:40:24 +0000"
    },
    "done": true
  },
  "aquaculture:recipes/aquaculture/worm_farm": {
    "criteria": {
      "has_items": "2024-07-15 19:37:00 +0000"
    },
    "done": true
  },
  "regions_unexplored:recipes/transportation/eucalyptus_boat": {
    "criteria": {
      "in_water": "2024-07-15 19:40:24 +0000"
    },
    "done": true
  },
  "aquaculture:recipes/aquaculture/note_hook": {
    "criteria": {
      "has_items": "2024-07-15 19:37:00 +0000"
    },
    "done": true
  },
  "aquaculture:recipes/food/cooked_fish_fillet_from_campfire": {
    "criteria": {
      "has_items": "2024-07-15 19:37:00 +0000"
    },
    "done": true
  },
  "aquaculture:recipes/aquaculture/gold_hook": {
    "criteria": {
      "has_items": "2024-07-15 19:37:00 +0000"
    },
    "done": true
  },
  "regions_unexplored:recipes/transportation/palm_boat": {
    "criteria": {
      "in_water": "2024-07-15 19:40:24 +0000"
    },
    "done": true
  },
  "aquaculture:recipes/decorations/spruce_fish_mount": {
    "criteria": {
      "has_items": "2024-07-15 19:37:00 +0000"
    },
    "done": true
  },
  "twilightforest:recipes/transportation/transformation_boat": {
    "criteria": {
      "in_water": "2024-07-15 19:40:24 +0000"
    },
    "done": true
  },
  "regions_unexplored:recipes/transportation/oak_boat": {
    "criteria": {
      "in_water": "2024-07-15 19:40:24 +0000"
    },
    "done": true
  },
  "minecraft:recipes/transportation/birch_boat": {
    "criteria": {
      "in_water": "2024-07-15 19:40:24 +0000"
    },
    "done": true
  },
  "minecraft:recipes/transportation/oak_boat": {
    "criteria": {
      "in_water": "2024-07-15 19:40:24 +0000"
    },
    "done": true
  },
  "aquaculture:recipes/misc/tin_can_to_iron_nugget_from_blasting": {
    "criteria": {
      "has_items": "2024-07-15 19:37:00 +0000"
    },
    "done": true
  },
  "projectvibrantjourneys:recipes/misc/orange_dye_from_orange_bark_mushroom": {
    "criteria": {
      "has_orange_bark_mushroom": "2024-07-15 19:39:49 +0000"
    },
    "done": true
  },
  "betterend:recipes/misc/sweet_berry_jelly": {
    "criteria": {
      "has_tag_c_water_bottles": "2024-07-15 19:40:22 +0000"
    },
    "done": true
  },
  "aquaculture:recipes/aquaculture/redstone_hook": {
    "criteria": {
      "has_items": "2024-07-15 19:37:00 +0000"
    },
    "done": true
  },
  "regions_unexplored:recipes/transportation/mauve_boat": {
    "criteria": {
      "in_water": "2024-07-15 19:40:24 +0000"
    },
    "done": true
  },
  "regions_unexplored:recipes/transportation/redwood_boat": {
    "criteria": {
      "in_water": "2024-07-15 19:40:24 +0000"
    },
    "done": true
  },
  "aquaculture:recipes/misc/gold_nugget_from_blasting": {
    "criteria": {
      "has_fishing_rod": "2024-07-15 19:37:00 +0000",
      "has_fillet_knife": "2024-07-15 19:37:00 +0000"
    },
    "done": true
  },
  "aquaculture:recipes/aquaculture/bobber": {
    "criteria": {
      "has_items": "2024-07-15 19:37:00 +0000"
    },
    "done": true
  },
  "biomesoplenty:recipes/transportation/mahogany_boat": {
    "criteria": {
      "in_water": "2024-07-15 19:40:24 +0000"
    },
    "done": true
  },
  "twilightforest:recipes/transportation/dark_boat": {
    "criteria": {
      "in_water": "2024-07-15 19:40:24 +0000"
    },
    "done": true
  },
  "aquaculture:recipes/misc/gold_nugget_from_gold_fish": {
    "criteria": {
      "has_items": "2024-07-15 19:37:00 +0000"
    },
    "done": true
  },
  "aquaculture:recipes/food/cooked_fish_fillet_from_smoking": {
    "criteria": {
      "has_items": "2024-07-15 19:37:00 +0000"
    },
    "done": true
  },
  "aquaculture:recipes/food/cooked_fish_fillet": {
    "criteria": {
      "has_items": "2024-07-15 19:37:00 +0000"
    },
    "done": true
  },
  "aquaculture:recipes/misc/neptunium_ingot_from_nuggets": {
    "criteria": {
      "has_items": "2024-07-15 19:37:00 +0000"
    },
    "done": true
  },
  "aquaculture:recipes/misc/iron_nugget_from_blasting": {
    "criteria": {
      "has_fishing_rod": "2024-07-15 19:37:00 +0000",
      "has_fillet_knife": "2024-07-15 19:37:00 +0000"
    },
    "done": true
  },
  "regions_unexplored:recipes/transportation/willow_boat": {
    "criteria": {
      "in_water": "2024-07-15 19:40:24 +0000"
    },
    "done": true
  },
  "aquaculture:recipes/decorations/jungle_fish_mount": {
    "criteria": {
      "has_items": "2024-07-15 19:37:00 +0000"
    },
    "done": true
  },
  "DataVersion": 3465
}