{
  "iceandfire:iceandfire/root": {
    "criteria": {
      "tick": "2024-07-15 13:32:24 -0400"
    },
    "done": true
  },
  "betternether:root": {
    "criteria": {
      "welcome": "2024-07-15 13:32:24 -0400"
    },
    "done": true
  },
  "betterend:root": {
    "criteria": {
      "welcome": "2024-07-15 13:32:24 -0400"
    },
    "done": true
  },
  "biomesoplenty:biomesoplenty/root": {
    "criteria": {
      "grassland": "2024-07-15 13:32:24 -0400"
    },
    "done": true
  },
  "betterdeserttemples:root": {
    "criteria": {
      "always": "2024-07-15 13:32:24 -0400"
    },
    "done": true
  },
  "vinery:main/root": {
    "criteria": {
      "seeds": "2024-07-15 13:32:24 -0400"
    },
    "done": true
  },
  "mowziesmobs:root": {
    "criteria": {
      "custom_test_name": "2024-07-15 13:32:24 -0400"
    },
    "done": true
  },
  "dungeons_arise:wda_root": {
    "criteria": {
      "WDA": "2024-07-15 13:32:24 -0400"
    },
    "done": true
  },
  "tombstone:adventure/root": {
    "criteria": {
      "auto": "2024-07-15 13:32:24 -0400"
    },
    "done": true
  },
  "regions_unexplored:parent": {
    "criteria": {
      "load_in_world": "2024-07-15 13:32:24 -0400"
    },
    "done": true
  },
  "biomesoplenty:biomesoplenty/all_biomes": {
    "criteria": {
      "woodland": "2024-07-15 14:17:11 -0400",
      "shrubland": "2024-07-15 13:36:25 -0400",
      "rocky_shrubland": "2024-07-15 14:16:29 -0400",
      "scrubland": "2024-07-15 14:16:20 -0400",
      "old_growth_woodland": "2024-07-15 14:16:26 -0400",
      "coniferous_forest": "2024-07-15 13:36:23 -0400",
      "dune_beach": "2024-07-15 14:16:00 -0400",
      "grassland": "2024-07-15 13:32:24 -0400",
      "rainforest": "2024-07-15 14:17:04 -0400"
    },
    "done": false
  },
  "cataclysm:root": {
    "criteria": {
      "custom_test_name": "2024-07-15 13:32:24 -0400"
    },
    "done": true
  },
  "farmersdelight:main/root": {
    "criteria": {
      "seeds": "2024-07-15 13:32:24 -0400"
    },
    "done": true
  },
  "minecraft:adventure/adventuring_time": {
    "criteria": {
      "minecraft:taiga": "2024-07-15 13:35:54 -0400",
      "minecraft:birch_forest": "2024-07-15 13:35:53 -0400",
      "minecraft:beach": "2024-07-15 14:19:16 -0400",
      "minecraft:river": "2024-07-15 13:33:00 -0400",
      "minecraft:cold_ocean": "2024-07-15 14:19:09 -0400",
      "minecraft:forest": "2024-07-15 13:50:02 -0400",
      "minecraft:ocean": "2024-07-15 14:16:04 -0400",
      "minecraft:old_growth_spruce_taiga": "2024-07-15 14:19:17 -0400"
    },
    "done": false
  },
  "mca:root": {
    "criteria": {
      "village_plains": "2024-07-15 13:33:24 -0400"
    },
    "done": true
  },
  "regions_unexplored:regions_explored": {
    "criteria": {
      "shrubland": "2024-07-15 14:16:09 -0400",
      "muddy_river": "2024-07-15 13:36:14 -0400",
      "maple_forest": "2024-07-15 13:36:17 -0400",
      "boreal_forest": "2024-07-15 13:36:12 -0400",
      "gravel_beach": "2024-07-15 13:36:19 -0400"
    },
    "done": false
  },
  "regions_unexplored:pioneer": {
    "criteria": {
      "shrubland": "2024-07-15 14:16:09 -0400",
      "muddy_river": "2024-07-15 13:36:14 -0400",
      "maple_forest": "2024-07-15 13:36:17 -0400",
      "boreal_forest": "2024-07-15 13:36:12 -0400",
      "gravel_beach": "2024-07-15 13:36:19 -0400"
    },
    "done": false
  },
  "notreepunching:clay_tool": {
    "criteria": {
      "has_the_recipe": "2024-07-15 13:42:45 -0400"
    },
    "done": true
  },
  "notreepunching:diorite_cobblestone_wall": {
    "criteria": {
      "has_the_recipe": "2024-07-15 13:42:45 -0400"
    },
    "done": true
  },
  "notreepunching:stonecutting/granite_cobblestone_stairs": {
    "criteria": {
      "has_the_recipe": "2024-07-15 13:42:45 -0400"
    },
    "done": true
  },
  "notreepunching:sticks_from_logs_with_saw": {
    "criteria": {
      "has_the_recipe": "2024-07-15 13:42:45 -0400"
    },
    "done": true
  },
  "notreepunching:granite_cobblestone_stairs": {
    "criteria": {
      "has_the_recipe": "2024-07-15 13:42:45 -0400"
    },
    "done": true
  },
  "notreepunching:stonecutting/diorite_cobblestone_stairs": {
    "criteria": {
      "has_the_recipe": "2024-07-15 13:42:45 -0400"
    },
    "done": true
  },
  "notreepunching:diamond_saw": {
    "criteria": {
      "has_the_recipe": "2024-07-15 13:42:45 -0400"
    },
    "done": true
  },
  "notreepunching:flint_pickaxe": {
    "criteria": {
      "has_the_recipe": "2024-07-15 13:42:45 -0400"
    },
    "done": true
  },
  "notreepunching:sandstone_from_rocks": {
    "criteria": {
      "has_the_recipe": "2024-07-15 13:42:45 -0400"
    },
    "done": true
  },
  "notreepunching:netherite_mattock": {
    "criteria": {
      "has_the_recipe": "2024-07-15 13:42:45 -0400"
    },
    "done": true
  },
  "notreepunching:granite_cobblestone_slab": {
    "criteria": {
      "has_the_recipe": "2024-07-15 13:42:45 -0400"
    },
    "done": true
  },
  "notreepunching:plant_fiber_from_small_flowers_with_knife": {
    "criteria": {
      "has_the_recipe": "2024-07-15 13:42:45 -0400"
    },
    "done": true
  },
  "notreepunching:andesite_cobblestone_wall": {
    "criteria": {
      "has_the_recipe": "2024-07-15 13:42:45 -0400"
    },
    "done": true
  },
  "notreepunching:diorite_cobblestone_stairs": {
    "criteria": {
      "has_the_recipe": "2024-07-15 13:42:45 -0400"
    },
    "done": true
  },
  "notreepunching:gold_mattock": {
    "criteria": {
      "has_the_recipe": "2024-07-15 13:42:45 -0400"
    },
    "done": true
  },
  "notreepunching:diorite_cobblestone_from_rocks": {
    "criteria": {
      "has_the_recipe": "2024-07-15 13:42:45 -0400"
    },
    "done": true
  },
  "notreepunching:leather_from_chestplate_with_knife": {
    "criteria": {
      "has_the_recipe": "2024-07-15 13:42:45 -0400"
    },
    "done": true
  },
  "notreepunching:andesite_cobblestone_from_rocks": {
    "criteria": {
      "has_the_recipe": "2024-07-15 13:42:45 -0400"
    },
    "done": true
  },
  "notreepunching:gold_saw": {
    "criteria": {
      "has_the_recipe": "2024-07-15 13:42:45 -0400"
    },
    "done": true
  },
  "notreepunching:leather_from_helmet_with_knife": {
    "criteria": {
      "has_the_recipe": "2024-07-15 13:42:45 -0400"
    },
    "done": true
  },
  "notreepunching:red_sandstone_from_rocks": {
    "criteria": {
      "has_the_recipe": "2024-07-15 13:42:45 -0400"
    },
    "done": true
  },
  "notreepunching:diorite_cobblestone_slab": {
    "criteria": {
      "has_the_recipe": "2024-07-15 13:42:45 -0400"
    },
    "done": true
  },
  "notreepunching:plant_string": {
    "criteria": {
      "has_the_recipe": "2024-07-15 13:42:45 -0400"
    },
    "done": true
  },
  "notreepunching:plant_fiber_from_tall_flowers_with_knife": {
    "criteria": {
      "has_the_recipe": "2024-07-15 13:42:45 -0400"
    },
    "done": true
  },
  "notreepunching:fire_starter": {
    "criteria": {
      "has_the_recipe": "2024-07-15 13:42:45 -0400"
    },
    "done": true
  },
  "notreepunching:plant_fiber_from_wheat_with_knife": {
    "criteria": {
      "has_the_recipe": "2024-07-15 13:42:45 -0400"
    },
    "done": true
  },
  "notreepunching:diamond_mattock": {
    "criteria": {
      "has_the_recipe": "2024-07-15 13:42:45 -0400"
    },
    "done": true
  },
  "notreepunching:sticks_from_planks_with_saw": {
    "criteria": {
      "has_the_recipe": "2024-07-15 13:42:45 -0400"
    },
    "done": true
  },
  "notreepunching:flint_knife": {
    "criteria": {
      "has_the_recipe": "2024-07-15 13:42:45 -0400"
    },
    "done": true
  },
  "notreepunching:clay_brick_from_balls": {
    "criteria": {
      "has_the_recipe": "2024-07-15 13:42:45 -0400"
    },
    "done": true
  },
  "notreepunching:granite_cobblestone_wall": {
    "criteria": {
      "has_the_recipe": "2024-07-15 13:42:45 -0400"
    },
    "done": true
  },
  "notreepunching:string_from_web_with_knife": {
    "criteria": {
      "has_the_recipe": "2024-07-15 13:42:45 -0400"
    },
    "done": true
  },
  "notreepunching:flint_hoe": {
    "criteria": {
      "has_the_recipe": "2024-07-15 13:42:45 -0400"
    },
    "done": true
  },
  "notreepunching:melon_slices_with_knife": {
    "criteria": {
      "has_the_recipe": "2024-07-15 13:42:45 -0400"
    },
    "done": true
  },
  "notreepunching:clay_brick_from_blocks": {
    "criteria": {
      "has_the_recipe": "2024-07-15 13:42:45 -0400"
    },
    "done": true
  },
  "notreepunching:macuahuitl": {
    "criteria": {
      "has_the_recipe": "2024-07-15 13:42:45 -0400"
    },
    "done": true
  },
  "notreepunching:gold_knife": {
    "criteria": {
      "has_the_recipe": "2024-07-15 13:42:45 -0400"
    },
    "done": true
  },
  "notreepunching:iron_mattock": {
    "criteria": {
      "has_the_recipe": "2024-07-15 13:42:45 -0400"
    },
    "done": true
  },
  "notreepunching:flint_shovel": {
    "criteria": {
      "has_the_recipe": "2024-07-15 13:42:45 -0400"
    },
    "done": true
  },
  "notreepunching:plant_fiber_from_sugarcane_with_knife": {
    "criteria": {
      "has_the_recipe": "2024-07-15 13:42:45 -0400"
    },
    "done": true
  },
  "notreepunching:flint_axe": {
    "criteria": {
      "has_the_recipe": "2024-07-15 13:42:45 -0400"
    },
    "done": true
  },
  "notreepunching:leather_from_leggings_with_knife": {
    "criteria": {
      "has_the_recipe": "2024-07-15 13:42:45 -0400"
    },
    "done": true
  },
  "notreepunching:diamond_knife": {
    "criteria": {
      "has_the_recipe": "2024-07-15 13:42:45 -0400"
    },
    "done": true
  },
  "notreepunching:netherite_knife": {
    "criteria": {
      "has_the_recipe": "2024-07-15 13:42:45 -0400"
    },
    "done": true
  },
  "travelersbackpack:standard_from_custom": {
    "criteria": {
      "has_the_recipe": "2024-07-15 13:42:45 -0400"
    },
    "done": true
  },
  "mca:recipes/building_blocks/headstones": {
    "criteria": {
      "has_the_cross_recipe": "2024-07-15 13:42:45 -0400"
    },
    "done": true
  },
  "notreepunching:netherite_saw": {
    "criteria": {
      "has_the_recipe": "2024-07-15 13:42:45 -0400"
    },
    "done": true
  },
  "notreepunching:cobblestone_from_rocks": {
    "criteria": {
      "has_the_recipe": "2024-07-15 13:42:45 -0400"
    },
    "done": true
  },
  "notreepunching:stonecutting/andesite_cobblestone_stairs": {
    "criteria": {
      "has_the_recipe": "2024-07-15 13:42:45 -0400"
    },
    "done": true
  },
  "notreepunching:iron_saw": {
    "criteria": {
      "has_the_recipe": "2024-07-15 13:42:45 -0400"
    },
    "done": true
  },
  "notreepunching:granite_cobblestone_from_rocks": {
    "criteria": {
      "has_the_recipe": "2024-07-15 13:42:45 -0400"
    },
    "done": true
  },
  "notreepunching:leather_from_boots_with_knife": {
    "criteria": {
      "has_the_recipe": "2024-07-15 13:42:45 -0400"
    },
    "done": true
  },
  "notreepunching:plant_fiber_from_saplings_with_knife": {
    "criteria": {
      "has_the_recipe": "2024-07-15 13:42:45 -0400"
    },
    "done": true
  },
  "notreepunching:andesite_cobblestone_stairs": {
    "criteria": {
      "has_the_recipe": "2024-07-15 13:42:45 -0400"
    },
    "done": true
  },
  "notreepunching:sticks_from_logs_with_flint_axe": {
    "criteria": {
      "has_the_recipe": "2024-07-15 13:42:45 -0400"
    },
    "done": true
  },
  "notreepunching:sticks_from_planks_with_flint_axe": {
    "criteria": {
      "has_the_recipe": "2024-07-15 13:42:45 -0400"
    },
    "done": true
  },
  "notreepunching:plant_fiber_from_leaves_with_knife": {
    "criteria": {
      "has_the_recipe": "2024-07-15 13:42:45 -0400"
    },
    "done": true
  },
  "notreepunching:flint_from_gravel": {
    "criteria": {
      "has_the_recipe": "2024-07-15 13:42:45 -0400"
    },
    "done": true
  },
  "notreepunching:andesite_cobblestone_slab": {
    "criteria": {
      "has_the_recipe": "2024-07-15 13:42:45 -0400"
    },
    "done": true
  },
  "notreepunching:string_from_wool_with_knife": {
    "criteria": {
      "has_the_recipe": "2024-07-15 13:42:45 -0400"
    },
    "done": true
  },
  "notreepunching:plant_fiber_from_vines_with_knife": {
    "criteria": {
      "has_the_recipe": "2024-07-15 13:42:45 -0400"
    },
    "done": true
  },
  "notreepunching:plant_fiber_from_cactus_with_knife": {
    "criteria": {
      "has_the_recipe": "2024-07-15 13:42:45 -0400"
    },
    "done": true
  },
  "notreepunching:iron_knife": {
    "criteria": {
      "has_the_recipe": "2024-07-15 13:42:45 -0400"
    },
    "done": true
  },
  "DataVersion": 3465
}